,sen,prob
0,,"[['A', 0.049368511283285135], ['B', 3.3760393691027426e-05], ['C', 1.7023905135619591e-06], ['D', 0.0], ['E', 0], ['F', 0], ['G', 0], ['H', 0], ['I', 0], ['J', 0.0], ['K', 0.00012469457787648636], ['L', 0.0028515041102162818], ['a', 0.0], ['b', 3.3349166891647524e-05], ['c', 1.6227982298110105e-06], ['d', 7.583375924048728e-06], ['e', 0], ['f', 0], ['g', 0], ['h', 0], ['i', 0], ['j', 0.0], ['k', 0.00012453539330898447], ['l', 0.0]]"
1,,"[['A', 0.0], ['B', 0.0022470918040747856], ['C', 5.245884841790926e-07], ['D', 0.0], ['E', 0], ['F', 0], ['G', 0], ['H', 0], ['I', 0], ['J', 0.0], ['K', 3.842440325675432e-05], ['L', 0.0], ['a', 1615.3738993220684], ['b', 1.0276484019944717e-05], ['c', 0.0], ['d', 0.0], ['e', 0], ['f', 0], ['g', 0], ['h', 0], ['i', 0], ['j', 0.0], ['k', 0.0], ['l', 0.0]]"
