,sen,prob
0,1,0.049368511283285135
1,0,1615.3738993220684
